{
    "train_loss": [
        0.582809462522467,
        0.5039507914334536,
        0.29562284300724667,
        0.22466615090767542,
        0.20769700943492353,
        0.19527691668675592,
        0.14486055456412336,
        0.12419111006117116,
        0.10322520478318135,
        0.08434869973765065
    ],
    "train_acc": [
        50.065104166666664,
        62.955729166666664,
        91.92708333333333,
        93.359375,
        94.79166666666667,
        95.76822916666667,
        96.54947916666667,
        97.33072916666667,
        98.6328125,
        98.69791666666667
    ],
    "test_loss": [
        0.6598389106137412,
        0.6240546376932234,
        0.6901359313300678,
        0.620230770891621,
        0.6000047998414153,
        0.67689174041152,
        0.45440545820054556,
        0.43538648085225196,
        0.3938562022078605,
        0.32603530851858004
    ],
    "test_acc": [
        51.339285714285715,
        69.72789115646258,
        77.6998299319728,
        82.39795918367346,
        82.10034013605443,
        78.38010204081633,
        88.32908163265306,
        90.15731292517006,
        91.83673469387756,
        94.4515306122449
    ]
}