{
    "test_loss": 0.32603533956266584,
    "test_acc": 94.4954128440367,
    "test_f1": 0.9439252336448598,
    "test_brier": 0.0479764256635749,
    "test_auc_tuple": [
        0.9764329601885363,
        [
            0.0,
            0.0030581039755351682,
            0.0030581039755351682,
            0.0061162079510703364,
            0.0061162079510703364,
            0.009174311926605505,
            0.009174311926605505,
            0.012232415902140673,
            0.012232415902140673,
            0.01529051987767584,
            0.01529051987767584,
            0.021406727828746176,
            0.021406727828746176,
            0.024464831804281346,
            0.024464831804281346,
            0.027522935779816515,
            0.027522935779816515,
            0.03058103975535168,
            0.03058103975535168,
            0.03363914373088685,
            0.03363914373088685,
            0.03669724770642202,
            0.03669724770642202,
            0.05198776758409786,
            0.05198776758409786,
            0.06116207951070336,
            0.06116207951070336,
            0.06422018348623854,
            0.06422018348623854,
            0.0672782874617737,
            0.0672782874617737,
            0.09174311926605505,
            0.09174311926605505,
            0.10091743119266056,
            0.10091743119266056,
            0.13149847094801223,
            0.13149847094801223,
            0.1926605504587156,
            0.1926605504587156,
            0.21100917431192662,
            0.21100917431192662,
            0.27217125382262997,
            0.27217125382262997,
            0.3547400611620795,
            0.3547400611620795,
            0.5290519877675841,
            0.5290519877675841,
            0.5474006116207951,
            0.5474006116207951,
            0.5963302752293578,
            0.5963302752293578,
            0.8256880733944955,
            0.8256880733944955,
            1.0,
            1.0
        ],
        [
            0.0,
            0.01834862385321101,
            0.581039755351682,
            0.581039755351682,
            0.6819571865443425,
            0.6819571865443425,
            0.7339449541284404,
            0.7339449541284404,
            0.8746177370030581,
            0.8746177370030581,
            0.8807339449541285,
            0.8807339449541285,
            0.8899082568807339,
            0.8899082568807339,
            0.8990825688073395,
            0.8990825688073395,
            0.9113149847094801,
            0.9113149847094801,
            0.9143730886850153,
            0.9143730886850153,
            0.9174311926605505,
            0.9174311926605505,
            0.9296636085626911,
            0.9296636085626911,
            0.9327217125382263,
            0.9327217125382263,
            0.9357798165137615,
            0.9357798165137615,
            0.9388379204892966,
            0.9388379204892966,
            0.9510703363914373,
            0.9510703363914373,
            0.9571865443425076,
            0.9571865443425076,
            0.9663608562691132,
            0.9663608562691132,
            0.9724770642201835,
            0.9724770642201835,
            0.9755351681957186,
            0.9755351681957186,
            0.9785932721712538,
            0.9785932721712538,
            0.981651376146789,
            0.981651376146789,
            0.9847094801223242,
            0.9847094801223242,
            0.9877675840978594,
            0.9877675840978594,
            0.9908256880733946,
            0.9908256880733946,
            0.9938837920489296,
            0.9938837920489296,
            0.9969418960244648,
            0.9969418960244648,
            1.0
        ]
    ]
}