{
    "train_loss": [
        0.6779001901547114,
        0.6578632369637489,
        0.6138806336869796,
        0.5166780663033327,
        0.3393286019563675,
        0.2745481276263793,
        0.27144445820401114,
        0.24282050846765438,
        0.2068572846862177,
        0.16541405386912325
    ],
    "train_acc": [
        49.609375,
        51.432291666666664,
        66.86197916666667,
        78.58072916666667,
        88.4765625,
        91.08072916666667,
        91.47135416666667,
        93.68489583333333,
        94.53125,
        94.85677083333333
    ],
    "test_loss": [
        0.735932035105569,
        0.7415446724210467,
        0.8330750522159395,
        0.6794739876474652,
        0.5298888065985271,
        0.533283191777411,
        0.5222475860445273,
        0.5043985315022015,
        0.5453332740636099,
        0.5942122780141377
    ],
    "test_acc": [
        51.339285714285715,
        46.89625850340136,
        56.377551020408156,
        68.81377551020408,
        84.906462585034,
        84.906462585034,
        85.69302721088435,
        86.77721088435375,
        84.50255102040816,
        83.97108843537414
    ]
}