{
    "test_loss": 0.5942121813339847,
    "test_acc": 84.70948012232415,
    "test_f1": 0.8269896193771626,
    "test_brier": 0.11718932988315882,
    "test_auc_tuple": [
        0.9402266924781865,
        [
            0.0,
            0.0030581039755351682,
            0.0030581039755351682,
            0.0061162079510703364,
            0.0061162079510703364,
            0.009174311926605505,
            0.009174311926605505,
            0.012232415902140673,
            0.012232415902140673,
            0.01529051987767584,
            0.01529051987767584,
            0.01834862385321101,
            0.01834862385321101,
            0.021406727828746176,
            0.021406727828746176,
            0.024464831804281346,
            0.024464831804281346,
            0.027522935779816515,
            0.027522935779816515,
            0.03058103975535168,
            0.03058103975535168,
            0.03669724770642202,
            0.03669724770642202,
            0.039755351681957186,
            0.039755351681957186,
            0.045871559633027525,
            0.045871559633027525,
            0.04892966360856269,
            0.04892966360856269,
            0.05198776758409786,
            0.05198776758409786,
            0.05504587155963303,
            0.05504587155963303,
            0.0581039755351682,
            0.0581039755351682,
            0.06116207951070336,
            0.06116207951070336,
            0.07033639143730887,
            0.07033639143730887,
            0.07339449541284404,
            0.07339449541284404,
            0.0764525993883792,
            0.0764525993883792,
            0.07951070336391437,
            0.07951070336391437,
            0.08256880733944955,
            0.08256880733944955,
            0.0856269113149847,
            0.0856269113149847,
            0.08868501529051988,
            0.08868501529051988,
            0.09480122324159021,
            0.09480122324159021,
            0.10091743119266056,
            0.10091743119266056,
            0.10397553516819572,
            0.10397553516819572,
            0.11009174311926606,
            0.11009174311926606,
            0.1162079510703364,
            0.1162079510703364,
            0.11926605504587157,
            0.11926605504587157,
            0.12232415902140673,
            0.12232415902140673,
            0.12538226299694188,
            0.12538226299694188,
            0.14067278287461774,
            0.14067278287461774,
            0.14678899082568808,
            0.14678899082568808,
            0.14984709480122324,
            0.14984709480122324,
            0.1529051987767584,
            0.1529051987767584,
            0.1651376146788991,
            0.1651376146788991,
            0.16819571865443425,
            0.16819571865443425,
            0.1743119266055046,
            0.1743119266055046,
            0.2018348623853211,
            0.2018348623853211,
            0.20795107033639143,
            0.20795107033639143,
            0.21100917431192662,
            0.21100917431192662,
            0.23547400611620795,
            0.23547400611620795,
            0.2415902140672783,
            0.2415902140672783,
            0.25076452599388377,
            0.25076452599388377,
            0.25382262996941896,
            0.25382262996941896,
            0.27217125382262997,
            0.27217125382262997,
            0.28134556574923547,
            0.28134556574923547,
            0.28440366972477066,
            0.28440366972477066,
            0.2874617737003058,
            0.2874617737003058,
            0.2996941896024465,
            0.2996941896024465,
            0.3149847094801223,
            0.3149847094801223,
            0.3394495412844037,
            0.3394495412844037,
            0.382262996941896,
            0.382262996941896,
            0.4036697247706422,
            0.4036697247706422,
            0.41590214067278286,
            0.41590214067278286,
            0.43730886850152906,
            0.43730886850152906,
            0.44954128440366975,
            0.44954128440366975,
            0.48623853211009177,
            0.48623853211009177,
            0.5382262996941896,
            0.5382262996941896,
            0.5474006116207951,
            0.5474006116207951,
            0.5535168195718655,
            0.5535168195718655,
            0.5596330275229358,
            0.5596330275229358,
            0.6422018348623854,
            0.6422018348623854,
            0.6850152905198776,
            0.6850152905198776,
            0.9174311926605505,
            0.9174311926605505,
            0.963302752293578,
            0.963302752293578,
            1.0
        ],
        [
            0.0,
            0.0030581039755351682,
            0.04892966360856269,
            0.04892966360856269,
            0.1437308868501529,
            0.1437308868501529,
            0.43730886850152906,
            0.43730886850152906,
            0.5290519877675841,
            0.5290519877675841,
            0.5902140672782875,
            0.5902140672782875,
            0.6391437308868502,
            0.6391437308868502,
            0.691131498470948,
            0.691131498470948,
            0.6972477064220184,
            0.6972477064220184,
            0.72782874617737,
            0.72782874617737,
            0.7308868501529052,
            0.7308868501529052,
            0.7339449541284404,
            0.7339449541284404,
            0.7370030581039755,
            0.7370030581039755,
            0.7522935779816514,
            0.7522935779816514,
            0.7584097859327217,
            0.7584097859327217,
            0.7737003058103975,
            0.7737003058103975,
            0.7767584097859327,
            0.7767584097859327,
            0.7828746177370031,
            0.7828746177370031,
            0.7981651376146789,
            0.7981651376146789,
            0.8195718654434251,
            0.8195718654434251,
            0.8226299694189603,
            0.8226299694189603,
            0.8379204892966361,
            0.8379204892966361,
            0.8440366972477065,
            0.8440366972477065,
            0.8470948012232415,
            0.8470948012232415,
            0.8501529051987767,
            0.8501529051987767,
            0.8532110091743119,
            0.8532110091743119,
            0.8562691131498471,
            0.8562691131498471,
            0.8593272171253823,
            0.8593272171253823,
            0.8623853211009175,
            0.8623853211009175,
            0.8685015290519877,
            0.8685015290519877,
            0.8746177370030581,
            0.8746177370030581,
            0.8868501529051988,
            0.8868501529051988,
            0.8899082568807339,
            0.8899082568807339,
            0.8929663608562691,
            0.8929663608562691,
            0.8960244648318043,
            0.8960244648318043,
            0.8990825688073395,
            0.8990825688073395,
            0.9021406727828746,
            0.9021406727828746,
            0.9051987767584098,
            0.9051987767584098,
            0.908256880733945,
            0.908256880733945,
            0.9113149847094801,
            0.9113149847094801,
            0.9143730886850153,
            0.9143730886850153,
            0.9174311926605505,
            0.9174311926605505,
            0.9204892966360856,
            0.9204892966360856,
            0.9235474006116208,
            0.9235474006116208,
            0.926605504587156,
            0.926605504587156,
            0.9296636085626911,
            0.9296636085626911,
            0.9327217125382263,
            0.9327217125382263,
            0.9357798165137615,
            0.9357798165137615,
            0.9388379204892966,
            0.9388379204892966,
            0.9418960244648318,
            0.9418960244648318,
            0.944954128440367,
            0.944954128440367,
            0.9480122324159022,
