{
    "train_loss": [
        0.5885892131676277,
        0.5209482926875353,
        0.3386818120876948,
        0.2527956625757118,
        0.18362501147203147,
        0.13587090943474323,
        0.12200318571800987,
        0.09546253271400928,
        0.07302990146369363,
        0.085554207500536
    ],
    "train_acc": [
        50.130208333333336,
        64.0625,
        88.41145833333333,
        92.31770833333333,
        95.05208333333333,
        96.94010416666667,
        97.91666666666667,
        98.89322916666667,
        99.08854166666667,
        99.15364583333333
    ],
    "test_loss": [
        0.651889239748319,
        0.5797121808642433,
        0.5765630375771296,
        0.45973974785634447,
        0.35389374090092524,
        0.3142702886391254,
        0.30230472467484926,
        0.32432483172132853,
        0.2866928204007092,
        0.2721047209841864
    ],
    "test_acc": [
        51.339285714285715,
        77.44472789115646,
        82.22789115646258,
        87.28741496598639,
        92.53826530612244,
        93.28231292517006,
        94.36649659863946,
        92.83588435374149,
        95.59948979591837,
        96.08843537414967
    ]
}