{
    "test_loss": 0.27210472541905584,
    "test_acc": 96.17737003058105,
    "test_f1": 0.9609984399375975,
    "test_brier": 0.034038952602206664,
    "test_auc_tuple": [
        0.9876834160985326,
        [
            0.0,
            0.0030581039755351682,
            0.0030581039755351682,
            0.0030581039755351682,
            0.0030581039755351682,
            0.0061162079510703364,
            0.0061162079510703364,
            0.009174311926605505,
            0.009174311926605505,
            0.012232415902140673,
            0.012232415902140673,
            0.01529051987767584,
            0.01529051987767584,
            0.01834862385321101,
            0.01834862385321101,
            0.024464831804281346,
            0.024464831804281346,
            0.027522935779816515,
            0.027522935779816515,
            0.03363914373088685,
            0.03363914373088685,
            0.04892966360856269,
            0.04892966360856269,
            0.05198776758409786,
            0.05198776758409786,
            0.07033639143730887,
            0.07033639143730887,
            0.07339449541284404,
            0.07339449541284404,
            0.09174311926605505,
            0.09174311926605505,
            0.09785932721712538,
            0.09785932721712538,
            0.12844036697247707,
            0.12844036697247707,
            0.18960244648318042,
            0.18960244648318042,
            0.21406727828746178,
            0.21406727828746178,
            0.41590214067278286,
            0.41590214067278286,
            0.44036697247706424,
            0.44036697247706424,
            0.6972477064220184,
            0.6972477064220184,
            1.0
        ],
        [
            0.0,
            0.01834862385321101,
            0.06116207951070336,
            0.0672782874617737,
            0.7584097859327217,
            0.7584097859327217,
            0.8287461773700305,
            0.8287461773700305,
            0.9051987767584098,
            0.9051987767584098,
            0.9357798165137615,
            0.9357798165137615,
            0.9388379204892966,
            0.9388379204892966,
            0.9418960244648318,
            0.9418960244648318,
            0.944954128440367,
            0.944954128440367,
            0.9510703363914373,
            0.9510703363914373,
            0.9602446483180428,
            0.9602446483180428,
            0.963302752293578,
            0.963302752293578,
            0.9694189602446484,
            0.9694189602446484,
            0.9724770642201835,
            0.9724770642201835,
            0.9755351681957186,
            0.9755351681957186,
            0.9785932721712538,
            0.9785932721712538,
            0.981651376146789,
            0.981651376146789,
            0.9847094801223242,
            0.9847094801223242,
            0.9877675840978594,
            0.9877675840978594,
            0.9908256880733946,
            0.9908256880733946,
            0.9938837920489296,
            0.9938837920489296,
            0.9969418960244648,
            0.9969418960244648,
            1.0,
            1.0
        ]
    ]
}