{
    "test_loss": 0.1784358842387086,
    "test_acc": 93.88379204892966,
    "test_f1": 0.9373040752351097,
    "test_brier": 0.047970440876539545,
    "test_auc_tuple": [
        0.9760401761916786,
        [
            0.0,
            0.0,
            0.0,
            0.0030581039755351682,
            0.0030581039755351682,
            0.0061162079510703364,
            0.0061162079510703364,
            0.012232415902140673,
            0.012232415902140673,
            0.021406727828746176,
            0.021406727828746176,
            0.027522935779816515,
            0.027522935779816515,
            0.03058103975535168,
            0.03058103975535168,
            0.03669724770642202,
            0.03669724770642202,
            0.04892966360856269,
            0.04892966360856269,
            0.06116207951070336,
            0.06116207951070336,
            0.06422018348623854,
            0.06422018348623854,
            0.0672782874617737,
            0.0672782874617737,
            0.07033639143730887,
            0.07033639143730887,
            0.07339449541284404,
            0.07339449541284404,
            0.07951070336391437,
            0.07951070336391437,
            0.11926605504587157,
            0.11926605504587157,
            0.12232415902140673,
            0.12232415902140673,
            0.14067278287461774,
            0.14067278287461774,
            0.15902140672782875,
            0.15902140672782875,
            0.27522935779816515,
            0.27522935779816515,
            0.3180428134556575,
            0.3180428134556575,
            0.3516819571865443,
            0.3516819571865443,
            0.3730886850152905,
            0.3730886850152905,
            0.4036697247706422,
            0.4036697247706422,
            0.44036697247706424,
            0.44036697247706424,
            0.7064220183486238,
            0.7064220183486238,
            0.7492354740061162,
            0.7492354740061162,
            0.9510703363914373,
            0.9510703363914373,
            0.9694189602446484,
            0.9694189602446484,
            1.0
        ],
        [
            0.0,
            0.0061162079510703364,
            0.6636085626911316,
            0.6636085626911316,
            0.8746177370030581,
            0.8746177370030581,
            0.8776758409785933,
            0.8776758409785933,
            0.8807339449541285,
            0.8807339449541285,
            0.8899082568807339,
            0.8899082568807339,
            0.9021406727828746,
            0.9021406727828746,
            0.9051987767584098,
            0.9051987767584098,
            0.9204892966360856,
            0.9204892966360856,
            0.9235474006116208,
            0.9235474006116208,
            0.926605504587156,
            0.926605504587156,
            0.9296636085626911,
            0.9296636085626911,
            0.9327217125382263,
            0.9327217125382263,
            0.9418960244648318,
            0.9418960244648318,
            0.9480122324159022,
            0.9480122324159022,
            0.9510703363914373,
            0.9510703363914373,
            0.9541284403669725,
            0.9541284403669725,
            0.9571865443425076,
            0.9571865443425076,
            0.963302752293578,
            0.963302752293578,
            0.9663608562691132,
            0.9663608562691132,
            0.9694189602446484,
            0.9694189602446484,
            0.9755351681957186,
            0.9755351681957186,
            0.9785932721712538,
            0.9785932721712538,
            0.981651376146789,
            0.981651376146789,
            0.9847094801223242,
            0.9847094801223242,
            0.9877675840978594,
            0.9877675840978594,
            0.9908256880733946,
            0.9908256880733946,
            0.9938837920489296,
            0.9938837920489296,
            0.9969418960244648,
            0.9969418960244648,
            1.0,
            1.0
        ]
    ]
}