{
    "train_loss": [
        0.6940293225149313,
        0.6933346750835577,
        0.6935339930156866,
        0.6936776675283909,
        0.6782596856355667,
        0.43787581101059914,
        0.2693058792501688,
        0.18638931727036834,
        0.14008679147809744,
        0.10516801887812714
    ],
    "train_acc": [
        50.065104166666664,
        50.846354166666664,
        51.5625,
        50.455729166666664,
        53.580729166666664,
        80.72916666666667,
        90.29947916666667,
        94.27083333333333,
        95.76822916666667,
        96.74479166666667
    ],
    "test_loss": [
        0.6941697029840379,
        0.6949605516024998,
        0.6945355562936693,
        0.6943899137633187,
        0.5930366076174236,
        0.29475321088518414,
        0.24569493177391233,
        0.2647860727849461,
        0.23107507310452916,
        0.1784358327942235
    ],
    "test_acc": [
        48.51190476190476,
        48.448129251700685,
        47.61904761904762,
        51.27551020408163,
        57.291666666666664,
        89.68962585034014,
        90.9438775510204,
        88.94557823129252,
        91.68792517006803,
        93.47363945578232
    ]
}