{
    "test_loss": 0.05314994652179025,
    "test_acc": 98.1651376146789,
    "test_f1": 0.9817629179331308,
    "test_brier": 0.013037974693682135,
    "test_auc_tuple": [
        0.9988777600089779,
        [
            0.0,
            0.0,
            0.0,
            0.0,
            0.0,
            0.0,
            0.0,
            0.0,
            0.0,
            0.0,
            0.0,
            0.0030581039755351682,
            0.0030581039755351682,
            0.0061162079510703364,
            0.0061162079510703364,
            0.009174311926605505,
            0.009174311926605505,
            0.012232415902140673,
            0.012232415902140673,
            0.01834862385321101,
            0.01834862385321101,
            0.03363914373088685,
            0.03363914373088685,
            0.04281345565749235,
            0.04281345565749235,
            1.0
        ],
        [
            0.0,
            0.0030581039755351682,
            0.10703363914373089,
            0.11314984709480122,
            0.1162079510703364,
            0.12232415902140673,
            0.1651376146788991,
            0.1712538226299694,
            0.2324159021406728,
            0.23853211009174313,
            0.8226299694189603,
            0.8226299694189603,
            0.963302752293578,
            0.963302752293578,
            0.9755351681957186,
            0.9755351681957186,
            0.9785932721712538,
            0.9785932721712538,
            0.981651376146789,
            0.981651376146789,
            0.9877675840978594,
            0.9877675840978594,
            0.9969418960244648,
            0.9969418960244648,
            1.0,
            1.0
        ]
    ]
}