{
    "test_loss": 0.38373288654145743,
    "test_acc": 92.04892966360856,
    "test_f1": 0.9204892966360856,
    "test_brier": 0.06238901451986183,
    "test_auc_tuple": [
        0.9658324682733403,
        [
            0.0,
            0.0030581039755351682,
            0.0061162079510703364,
            0.0061162079510703364,
            0.009174311926605505,
            0.009174311926605505,
            0.012232415902140673,
            0.012232415902140673,
            0.01529051987767584,
            0.01529051987767584,
            0.01834862385321101,
            0.01834862385321101,
            0.021406727828746176,
            0.021406727828746176,
            0.024464831804281346,
            0.024464831804281346,
            0.027522935779816515,
            0.027522935779816515,
            0.03058103975535168,
            0.03058103975535168,
            0.03363914373088685,
            0.03363914373088685,
            0.03669724770642202,
            0.03669724770642202,
            0.039755351681957186,
            0.039755351681957186,
            0.04281345565749235,
            0.04281345565749235,
            0.04892966360856269,
            0.04892966360856269,
            0.05198776758409786,
            0.05198776758409786,
            0.05504587155963303,
            0.05504587155963303,
            0.0581039755351682,
            0.0581039755351682,
            0.06116207951070336,
            0.06116207951070336,
            0.06422018348623854,
            0.06422018348623854,
            0.0672782874617737,
            0.0672782874617737,
            0.07033639143730887,
            0.07033639143730887,
            0.07951070336391437,
            0.07951070336391437,
            0.08256880733944955,
            0.08256880733944955,
            0.09785932721712538,
            0.09785932721712538,
            0.10397553516819572,
            0.10397553516819572,
            0.10703363914373089,
            0.10703363914373089,
            0.11926605504587157,
            0.11926605504587157,
            0.12844036697247707,
            0.12844036697247707,
            0.1345565749235474,
            0.1345565749235474,
            0.20489296636085627,
            0.20489296636085627,
            0.37920489296636084,
            0.37920489296636084,
            1.0
        ],
        [
            0.0,
            0.0030581039755351682,
            0.0030581039755351682,
            0.0061162079510703364,
            0.0061162079510703364,
            0.009174311926605505,
            0.009174311926605505,
            0.012232415902140673,
            0.012232415902140673,
            0.045871559633027525,
            0.045871559633027525,
            0.42813455657492355,
            0.42813455657492355,
            0.48623853211009177,
            0.48623853211009177,
            0.5351681957186545,
            0.5351681957186545,
            0.6391437308868502,
            0.6391437308868502,
            0.7155963302752294,
            0.7155963302752294,
            0.7217125382262997,
            0.7217125382262997,
            0.7737003058103975,
            0.7737003058103975,
            0.7767584097859327,
            0.7767584097859327,
            0.8348623853211009,
            0.8348623853211009,
            0.8470948012232415,
            0.8470948012232415,
            0.8532110091743119,
            0.8532110091743119,
            0.8715596330275229,
            0.8715596330275229,
            0.8868501529051988,
            0.8868501529051988,
            0.8990825688073395,
            0.8990825688073395,
            0.9051987767584098,
            0.9051987767584098,
            0.908256880733945,
            0.908256880733945,
            0.9174311926605505,
            0.9174311926605505,
            0.9296636085626911,
            0.9296636085626911,
            0.9541284403669725,
            0.9541284403669725,
            0.9602446483180428,
            0.9602446483180428,
            0.963302752293578,
            0.963302752293578,
            0.9724770642201835,
            0.9724770642201835,
            0.981651376146789,
            0.981651376146789,
            0.9877675840978594,
            0.9877675840978594,
            0.9938837920489296,
            0.9938837920489296,
            0.9969418960244648,
            0.9969418960244648,
            1.0,
            1.0
        ]
    ]
}