{
    "train_loss": [
        0.692156970500946,
        0.6817051991820335,
        0.42009717877954245,
        0.1567423203960061,
        0.08731236219561349,
        0.06842960902334501,
        0.0450350292182217,
        0.045954914656855785,
        0.06895994944109891,
        0.04796864078768218
    ],
    "train_acc": [
        49.8046875,
        53.971354166666664,
        82.03125,
        95.44270833333333,
        97.39583333333333,
        97.91666666666667,
        99.08854166666667,
        98.95833333333333,
        97.91666666666667,
        99.08854166666667
    ],
    "test_loss": [
        0.6880970568883986,
        0.6189563728514171,
        0.17381553759887106,
        0.10883133849572568,
        0.1693229257528271,
        0.09811923914544639,
        0.07533483708366043,
        0.111109260913162,
        0.09874440869316459,
        0.05314994532437552
    ],
    "test_acc": [
        48.660714285714285,
        63.24404761904762,
        95.23809523809524,
        97.76785714285714,
        95.53571428571429,
        97.4702380952381,
        97.87414965986393,
        97.13010204081633,
        96.42857142857143,
        98.21428571428571
    ]
}