{
    "train_loss": [
        0.694148950278759,
        0.6924024758239588,
        0.671811655163765,
        0.41667036432772875,
        0.2613217007989685,
        0.22540858310336867,
        0.18814922706224024,
        0.1645954225677997,
        0.17221979921062788,
        0.2275092905232062
    ],
    "train_acc": [
        49.869791666666664,
        50.1953125,
        59.505208333333336,
        86.00260416666667,
        92.31770833333333,
        95.3125,
        96.6796875,
        97.00520833333333,
        96.6796875,
        94.53125
    ],
    "test_loss": [
        0.6961830740883237,
        0.7028068559510368,
        0.6457045376300812,
        0.433267076810201,
        0.430815167902481,
        0.4194069609400772,
        0.5126310930188213,
        0.39139133301519213,
        0.5204181844989458,
        0.38373286223837305
    ],
    "test_acc": [
        51.339285714285715,
        51.339285714285715,
        55.697278911564624,
        89.64710884353742,
        87.03231292517006,
        89.45578231292518,
        85.35289115646258,
        92.43197278911565,
        89.34948979591837,
        91.87925170068027
    ]
}