{
    "train_loss": [
        0.6937587670981884,
        0.6922601324816545,
        0.689461120714744,
        0.5386475793396434,
        0.22148069956650338,
        0.14389722933992743,
        0.12083707408358653,
        0.09302552416920662,
        0.07509497642361869,
        0.055164090590551496
    ],
    "train_acc": [
        51.236979166666664,
        50.846354166666664,
        50.325520833333336,
        70.5078125,
        92.31770833333333,
        95.76822916666667,
        96.15885416666667,
        97.4609375,
        98.30729166666667,
        98.95833333333333
    ],
    "test_loss": [
        0.6904380520184835,
        0.6895196636517843,
        0.6750826608567011,
        0.32151696121408824,
        0.1765626548301606,
        0.1421682190682207,
        0.15453423311312994,
        0.10638894761602084,
        0.10668025644762176,
        0.10513119851904255
    ],
    "test_acc": [
        48.660714285714285,
        46.89625850340136,
        65.58248299319727,
        86.01190476190476,
        94.15391156462586,
        94.89795918367346,
        93.70748299319727,
        96.57738095238095,
        96.13095238095238,
        95.93962585034014
    ]
}