{
    "train_loss": [
        0.6939006758232912,
        0.6945252182583014,
        0.6944515394667784,
        0.6939144333203634,
        0.6494773651162783,
        0.35828077637900907,
        0.2729576194348435,
        0.23672963244219622,
        0.16302107297815382,
        0.21109081028650203
    ],
    "train_acc": [
        49.739583333333336,
        48.502604166666664,
        50.0,
        49.739583333333336,
        60.221354166666664,
        88.21614583333333,
        92.1875,
        93.42447916666667,
        96.22395833333333,
        96.2890625
    ],
    "test_loss": [
        0.6925171755609059,
        0.6927629311879476,
        0.6925253981635684,
        0.6927956938743591,
        0.5300865003040859,
        0.47286079611097065,
        0.43227286565871464,
        0.4314277631541093,
        0.44030083946528886,
        0.4105877968527022
    ],
    "test_acc": [
        51.48809523809524,
        51.339285714285715,
        51.339285714285715,
        51.339285714285715,
        79.25170068027211,
        87.41496598639456,
        90.1360544217687,
        90.43367346938776,
        91.921768707483,
        91.77295918367346
    ]
}