{
    "test_loss": 0.41058781849486486,
    "test_acc": 91.74311926605505,
    "test_f1": 0.9194029850746268,
    "test_brier": 0.06291863673367462,
    "test_auc_tuple": [
        0.964345500285236,
        [
            0.0,
            0.0030581039755351682,
            0.0030581039755351682,
            0.0061162079510703364,
            0.0061162079510703364,
            0.009174311926605505,
            0.009174311926605505,
            0.012232415902140673,
            0.012232415902140673,
            0.01529051987767584,
            0.01529051987767584,
            0.01834862385321101,
            0.01834862385321101,
            0.021406727828746176,
            0.021406727828746176,
            0.024464831804281346,
            0.024464831804281346,
            0.027522935779816515,
            0.027522935779816515,
            0.03058103975535168,
            0.03058103975535168,
            0.03363914373088685,
            0.03363914373088685,
            0.03669724770642202,
            0.03669724770642202,
            0.04281345565749235,
            0.04281345565749235,
            0.045871559633027525,
            0.045871559633027525,
            0.04892966360856269,
            0.04892966360856269,
            0.05198776758409786,
            0.05198776758409786,
            0.06116207951070336,
            0.06116207951070336,
            0.06422018348623854,
            0.06422018348623854,
            0.0672782874617737,
            0.0672782874617737,
            0.07033639143730887,
            0.07033639143730887,
            0.07339449541284404,
            0.07339449541284404,
            0.0764525993883792,
            0.0764525993883792,
            0.07951070336391437,
            0.07951070336391437,
            0.08256880733944955,
            0.08256880733944955,
            0.0856269113149847,
            0.0856269113149847,
            0.09174311926605505,
            0.09174311926605505,
            0.09480122324159021,
            0.09480122324159021,
            0.09785932721712538,
            0.09785932721712538,
            0.11314984709480122,
            0.11314984709480122,
            0.11926605504587157,
            0.11926605504587157,
            0.12538226299694188,
            0.12538226299694188,
            0.12844036697247707,
            0.12844036697247707,
            0.13761467889908258,
            0.13761467889908258,
            0.14067278287461774,
            0.14067278287461774,
            0.14984709480122324,
            0.14984709480122324,
            0.1559633027522936,
            0.1559633027522936,
            0.18042813455657492,
            0.18042813455657492,
            0.18654434250764526,
            0.18654434250764526,
            0.22018348623853212,
            0.22018348623853212,
            0.25382262996941896,
            0.25382262996941896,
            0.2691131498470948,
            0.2691131498470948,
            1.0
        ],
        [
            0.0,
            0.0030581039755351682,
            0.01529051987767584,
            0.01529051987767584,
            0.0764525993883792,
            0.0764525993883792,
            0.10397553516819572,
            0.10397553516819572,
            0.1926605504587156,
            0.1926605504587156,
            0.3058103975535168,
            0.3058103975535168,
            0.39755351681957185,
            0.39755351681957185,
            0.5259938837920489,
            0.5259938837920489,
            0.5871559633027523,
            0.5871559633027523,
            0.6085626911314985,
            0.6085626911314985,
            0.6758409785932722,
            0.6758409785932722,
            0.7308868501529052,
            0.7308868501529052,
            0.7737003058103975,
            0.7737003058103975,
            0.7859327217125383,
            0.7859327217125383,
            0.7951070336391437,
            0.7951070336391437,
            0.8012232415902141,
            0.8012232415902141,
            0.8470948012232415,
            0.8470948012232415,
            0.8807339449541285,
            0.8807339449541285,
            0.8837920489296636,
            0.8837920489296636,
            0.8899082568807339,
            0.8899082568807339,
            0.8929663608562691,
            0.8929663608562691,
            0.8960244648318043,
            0.8960244648318043,
            0.9021406727828746,
            0.9021406727828746,
            0.908256880733945,
            0.908256880733945,
            0.9113149847094801,
            0.9113149847094801,
            0.9235474006116208,
            0.9235474006116208,
            0.9296636085626911,
            0.9296636085626911,
            0.9388379204892966,
            0.9388379204892966,
            0.9418960244648318,
            0.9418960244648318,
            0.944954128440367,
            0.944954128440367,
            0.9541284403669725,
            0.9541284403669725,
            0.9571865443425076,
            0.9571865443425076,
            0.963302752293578,
            0.963302752293578,
            0.9724770642201835,
            0.9724770642201835,
            0.9755351681957186,
            0.9755351681957186,
            0.9785932721712538,
            0.9785932721712538,
            0.981651376146789,
            0.981651376146789,
            0.9847094801223242,
            0.9847094801223242,
            0.9877675840978594,
            0.9877675840978594,
            0.9908256880733946,
            0.9908256880733946,
            0.9938837920489296,
            0.9938837920489296,
            1.0,
            1.0
        ]
    ]
}