{
    "test_loss": 0.10513121483936197,
    "test_acc": 96.02446483180428,
    "test_f1": 0.9596273291925466,
    "test_brier": 0.030503994315121376,
    "test_auc_tuple": [
        0.9930982240552142,
        [
            0.0,
            0.0,
            0.0,
            0.0,
            0.0,
            0.0,
            0.0,
            0.0,
            0.0,
            0.0,
            0.0,
            0.0030581039755351682,
            0.0030581039755351682,
            0.0061162079510703364,
            0.0061162079510703364,
            0.009174311926605505,
            0.009174311926605505,
            0.012232415902140673,
            0.012232415902140673,
            0.01834862385321101,
            0.01834862385321101,
            0.021406727828746176,
            0.021406727828746176,
            0.024464831804281346,
            0.024464831804281346,
            0.027522935779816515,
            0.027522935779816515,
            0.03058103975535168,
            0.03058103975535168,
            0.03363914373088685,
            0.03363914373088685,
            0.03669724770642202,
            0.03669724770642202,
            0.045871559633027525,
            0.045871559633027525,
            0.05198776758409786,
            0.05198776758409786,
            0.06116207951070336,
            0.06116207951070336,
            0.0672782874617737,
            0.0672782874617737,
            0.0764525993883792,
            0.0764525993883792,
            0.0856269113149847,
            0.0856269113149847,
            0.1162079510703364,
            0.1162079510703364,
            0.1345565749235474,
            0.1345565749235474,
            0.14067278287461774,
            0.14067278287461774,
            0.1651376146788991,
            0.1651376146788991,
            0.27522935779816515,
            0.27522935779816515,
            0.4648318042813456,
            0.4648318042813456,
            1.0
        ],
        [
            0.0,
            0.0030581039755351682,
            0.01834862385321101,
            0.03058103975535168,
            0.05198776758409786,
            0.0581039755351682,
            0.2018348623853211,
            0.20795107033639143,
            0.3180428134556575,
            0.3241590214067278,
            0.8287461773700305,
            0.8287461773700305,
            0.8715596330275229,
            0.8715596330275229,
            0.8746177370030581,
            0.8746177370030581,
            0.8776758409785933,
            0.8776758409785933,
            0.926605504587156,
            0.926605504587156,
            0.9296636085626911,
            0.9296636085626911,
            0.9357798165137615,
            0.9357798165137615,
            0.944954128440367,
            0.944954128440367,
            0.9541284403669725,
            0.9541284403669725,
            0.9571865443425076,
            0.9571865443425076,
            0.9602446483180428,
            0.9602446483180428,
            0.963302752293578,
            0.963302752293578,
            0.9663608562691132,
            0.9663608562691132,
            0.9694189602446484,
            0.9694189602446484,
            0.9724770642201835,
            0.9724770642201835,
            0.9755351681957186,
            0.9755351681957186,
            0.9785932721712538,
            0.9785932721712538,
            0.981651376146789,
            0.981651376146789,
            0.9847094801223242,
            0.9847094801223242,
            0.9877675840978594,
            0.9877675840978594,
            0.9908256880733946,
            0.9908256880733946,
            0.9938837920489296,
            0.9938837920489296,
            0.9969418960244648,
            0.9969418960244648,
            1.0,
            1.0
        ]
    ]
}