{
    "train_loss": [
        0.6892762643595537,
        0.6834903694689274,
        0.5969179583092531,
        0.3385083070024848,
        0.23932001988093057,
        0.23148771918689212,
        0.20193194349606833,
        0.1668006902715812,
        0.1489285472780466,
        0.13753266531663635
    ],
    "train_acc": [
        52.34375,
        54.557291666666664,
        68.48958333333333,
        86.84895833333333,
        91.08072916666667,
        91.2109375,
        92.64322916666667,
        94.921875,
        94.7265625,
        95.8984375
    ],
    "test_loss": [
        0.6981563170750936,
        0.6948567501136235,
        0.4568426509698232,
        0.3281440312663714,
        0.3278545330145529,
        0.32637083078069345,
        0.35155191520849866,
        0.3575020664859386,
        0.30719933694317225,
        0.2630223906820729
    ],
    "test_acc": [
        47.51275510204081,
        51.0204081632653,
        80.95238095238095,
        88.54166666666667,
        87.79761904761905,
        87.35119047619048,
        87.90391156462586,
        87.75510204081633,
        91.07142857142857,
        91.36904761904762
    ]
}