{
    "test_loss": 0.27142431688982815,
    "test_acc": 90.51987767584097,
    "test_f1": 0.9121813031161473,
    "test_brier": 0.07512666938435994,
    "test_auc_tuple": [
        0.9797342161621263,
        [
            0.0,
            0.0,
            0.0,
            0.0,
            0.0,
            0.0030581039755351682,
            0.0030581039755351682,
            0.0061162079510703364,
            0.0061162079510703364,
            0.009174311926605505,
            0.009174311926605505,
            0.009174311926605505,
            0.009174311926605505,
            0.012232415902140673,
            0.012232415902140673,
            0.01529051987767584,
            0.01529051987767584,
            0.01834862385321101,
            0.01834862385321101,
            0.021406727828746176,
            0.021406727828746176,
            0.024464831804281346,
            0.024464831804281346,
            0.027522935779816515,
            0.027522935779816515,
            0.03058103975535168,
            0.03058103975535168,
            0.03363914373088685,
            0.03363914373088685,
            0.03669724770642202,
            0.03669724770642202,
            0.039755351681957186,
            0.039755351681957186,
            0.04281345565749235,
            0.04281345565749235,
            0.045871559633027525,
            0.045871559633027525,
            0.04892966360856269,
            0.04892966360856269,
            0.05504587155963303,
            0.05504587155963303,
            0.0581039755351682,
            0.0581039755351682,
            0.06116207951070336,
            0.06116207951070336,
            0.0672782874617737,
            0.0672782874617737,
            0.07339449541284404,
            0.07339449541284404,
            0.08256880733944955,
            0.08256880733944955,
            0.08868501529051988,
            0.08868501529051988,
            0.09174311926605505,
            0.09174311926605505,
            0.09480122324159021,
            0.09480122324159021,
            0.10397553516819572,
            0.10397553516819572,
            0.10703363914373089,
            0.10703363914373089,
            0.1162079510703364,
            0.1162079510703364,
            0.1529051987767584,
            0.1529051987767584,
            0.1651376146788991,
            0.1651376146788991,
            0.20795107033639143,
            0.20795107033639143,
            0.21100917431192662,
            0.21100917431192662,
            0.21712538226299694,
            0.21712538226299694,
            0.44036697247706424,
            0.44036697247706424,
            0.5565749235474006,
            0.5565749235474006,
            1.0
        ],
        [
            0.0,
            0.0030581039755351682,
            0.24464831804281345,
            0.25076452599388377,
            0.3669724770642202,
            0.3669724770642202,
            0.45565749235474007,
            0.45565749235474007,
            0.4740061162079511,
            0.4740061162079511,
            0.5198776758409785,
            0.5259938837920489,
            0.6238532110091743,
            0.6238532110091743,
            0.6330275229357798,
            0.6330275229357798,
            0.6666666666666666,
            0.6666666666666666,
            0.7217125382262997,
            0.7217125382262997,
            0.7308868501529052,
            0.7308868501529052,
            0.7859327217125383,
            0.7859327217125383,
            0.8562691131498471,
            0.8562691131498471,
            0.8593272171253823,
            0.8593272171253823,
            0.8685015290519877,
            0.8685015290519877,
            0.8776758409785933,
            0.8776758409785933,
            0.8899082568807339,
            0.8899082568807339,
            0.908256880733945,
            0.908256880733945,
            0.9204892966360856,
            0.9204892966360856,
            0.926605504587156,
            0.926605504587156,
            0.9296636085626911,
            0.9296636085626911,
            0.9327217125382263,
            0.9327217125382263,
            0.9357798165137615,
            0.9357798165137615,
            0.944954128440367,
            0.944954128440367,
            0.9480122324159022,
            0.9480122324159022,
            0.9510703363914373,
            0.9510703363914373,
            0.9541284403669725,
            0.9541284403669725,
            0.9571865443425076,
            0.9571865443425076,
            0.9663608562691132,
            0.9663608562691132,
            0.9694189602446484,
            0.9694189602446484,
            0.9724770642201835,
            0.9724770642201835,
            0.9755351681957186,
            0.9755351681957186,
            0.9785932721712538,
            0.9785932721712538,
            0.9847094801223242,
            0.9847094801223242,
            0.9877675840978594,
            0.9877675840978594,
            0.9908256880733946,
            0.9908256880733946,
            0.9938837920489296,
            0.9938837920489296,
            0.9969418960244648,
            0.9969418960244648,
            1.0,
            1.0
        ]
    ]
}