{
    "train_loss": [
        0.6928070386250814,
        0.6813952748974165,
        0.5667644000301758,
        0.30367622307191294,
        0.21583129558712244,
        0.14250012044794858,
        0.11864206582928698,
        0.10035139869432896,
        0.08397695895594855,
        0.06307465253242601
    ],
    "train_acc": [
        50.0,
        55.533854166666664,
        70.18229166666667,
        88.4765625,
        92.1875,
        95.703125,
        96.02864583333333,
        96.94010416666667,
        97.59114583333333,
        98.17708333333333
    ],
    "test_loss": [
        0.6920601271447682,
        0.6591692439147404,
        0.4899664013868287,
        0.2406234106137639,
        0.21096767414183842,
        0.204169400036335,
        0.16143576712125823,
        0.1555620472700823,
        0.1558343917131424,
        0.2714243034078252
    ],
    "test_acc": [
        48.660714285714285,
        60.22534013605442,
        74.10714285714286,
        92.66581632653062,
        92.51700680272108,
        92.70833333333333,
        94.74914965986395,
        94.60034013605443,
        95.046768707483,
        90.77380952380952
    ]
}