{
    "test_loss": 0.2630223982213509,
    "test_acc": 91.13149847094802,
    "test_f1": 0.909375,
    "test_brier": 0.07095049143212316,
    "test_auc_tuple": [
        0.9612827203097382,
        [
            0.0,
            0.0,
            0.0,
            0.0,
            0.0,
            0.0030581039755351682,
            0.0030581039755351682,
            0.0061162079510703364,
            0.0061162079510703364,
            0.009174311926605505,
            0.009174311926605505,
            0.012232415902140673,
            0.012232415902140673,
            0.01529051987767584,
            0.01529051987767584,
            0.01834862385321101,
            0.01834862385321101,
            0.021406727828746176,
            0.021406727828746176,
            0.024464831804281346,
            0.024464831804281346,
            0.027522935779816515,
            0.027522935779816515,
            0.03058103975535168,
            0.03058103975535168,
            0.03363914373088685,
            0.03363914373088685,
            0.03669724770642202,
            0.03669724770642202,
            0.039755351681957186,
            0.039755351681957186,
            0.04281345565749235,
            0.04281345565749235,
            0.045871559633027525,
            0.045871559633027525,
            0.04892966360856269,
            0.04892966360856269,
            0.05198776758409786,
            0.05198776758409786,
            0.05504587155963303,
            0.05504587155963303,
            0.0581039755351682,
            0.0581039755351682,
            0.06422018348623854,
            0.06422018348623854,
            0.0672782874617737,
            0.0672782874617737,
            0.07033639143730887,
            0.07033639143730887,
            0.08256880733944955,
            0.08256880733944955,
            0.0856269113149847,
            0.0856269113149847,
            0.10091743119266056,
            0.10091743119266056,
            0.10703363914373089,
            0.10703363914373089,
            0.11009174311926606,
            0.11009174311926606,
            0.12232415902140673,
            0.12232415902140673,
            0.12538226299694188,
            0.12538226299694188,
            0.1345565749235474,
            0.1345565749235474,
            0.13761467889908258,
            0.13761467889908258,
            0.1559633027522936,
            0.1559633027522936,
            0.15902140672782875,
            0.15902140672782875,
            0.1712538226299694,
            0.1712538226299694,
            0.18042813455657492,
            0.18042813455657492,
            0.18960244648318042,
            0.18960244648318042,
            0.22935779816513763,
            0.22935779816513763,
            0.26299694189602446,
            0.26299694189602446,
            0.27522935779816515,
            0.27522935779816515,
            0.29357798165137616,
            0.29357798165137616,
            0.4617737003058104,
            0.4617737003058104,
            0.4954128440366973,
            0.4954128440366973,
            0.5290519877675841,
            0.5290519877675841,
            0.5382262996941896,
            0.5382262996941896,
            0.5596330275229358,
            0.5596330275229358,
            0.5779816513761468,
            0.5779816513761468,
            0.691131498470948,
            0.691131498470948,
            0.9969418960244648,
            0.9969418960244648,
            1.0
        ],
        [
            0.0,
            0.0030581039755351682,
            0.14984709480122324,
            0.1559633027522936,
            0.20795107033639143,
            0.20795107033639143,
            0.5259938837920489,
            0.5259938837920489,
            0.6116207951070336,
            0.6116207951070336,
            0.6299694189602446,
            0.6299694189602446,
            0.6422018348623854,
            0.6422018348623854,
            0.6483180428134556,
            0.6483180428134556,
            0.691131498470948,
            0.691131498470948,
            0.709480122324159,
            0.709480122324159,
            0.7186544342507645,
            0.7186544342507645,
            0.7400611620795107,
            0.7400611620795107,
            0.7981651376146789,
            0.7981651376146789,
            0.8256880733944955,
            0.8256880733944955,
            0.8348623853211009,
            0.8348623853211009,
            0.8379204892966361,
            0.8379204892966361,
            0.8440366972477065,
            0.8440366972477065,
            0.8532110091743119,
            0.8532110091743119,
            0.8593272171253823,
            0.8593272171253823,
            0.8685015290519877,
            0.8685015290519877,
            0.8715596330275229,
            0.8715596330275229,
            0.8746177370030581,
            0.8746177370030581,
            0.8899082568807339,
            0.8899082568807339,
            0.8960244648318043,
            0.8960244648318043,
            0.8990825688073395,
            0.8990825688073395,
            0.9021406727828746,
            0.9021406727828746,
            0.9051987767584098,
            0.9051987767584098,
            0.908256880733945,
            0.908256880733945,
            0.9113149847094801,
            0.9113149847094801,
            0.9174311926605505,
            0.9174311926605505,
            0.9204892966360856,
            0.9204892966360856,
            0.9235474006116208,
            0.9235474006116208,
            0.926605504587156,
            0.926605504587156,
            0.9357798165137615,
            0.9357798165137615,
            0.9388379204892966,
            0.9388379204892966,
            0.9418960244648318,
            0.9418960244648318,
            0.9480122324159022,
            0.9480122324159022,
            0.9541284403669725,
            0.9541284403669725,
            0.9571865443425076,
            0.9571865443425076,
            0.963302752293578,
            0.963302752293578,
            0.9663608562691132,
            0.9663608562691132,
            0.9694189602446484,
            0.9694189602446484,
            0.9724770642201835,
            0.9724770642201835,
            0.9755351681957186,
            0.9755351681957186,
            0.981651376146789,
            0.981651376146789,
            0.9847094801223242,
            0.9847094801223242,
            0.9877675840978594,
            0.9877675840978594,
            0.9908256880733946,
            0.9908256880733946,
            0.9938837920489296,
            0.9938837920489296,
            0.9969418960244648,
            0.9969418960244648,
            1.0,
            1.0
        ]
    ]
}