{
    "train_loss": [
        0.6941533225278059,
        0.6946446808675925,
        0.6934367132683595,
        0.6927733371655146,
        0.6119832135736942,
        0.3410357873265942,
        0.27954485376055044,
        0.1841747259410719,
        0.19667437789030373,
        0.13559556496329606
    ],
    "train_acc": [
        45.8984375,
        50.390625,
        50.0,
        51.953125,
        67.25260416666667,
        89.38802083333333,
        92.7734375,
        95.83333333333333,
        96.41927083333333,
        96.875
    ],
    "test_loss": [
        0.6955488352548509,
        0.6910376577150255,
        0.690016386054811,
        0.6907448768615723,
        0.6242539517226673,
        0.5068740021614802,
        0.3926181654844965,
        0.3978080926906495,
        0.27127494388038204,
        0.21587224765902474
    ],
    "test_acc": [
        51.339285714285715,
        51.48809523809524,
        52.529761904761905,
        51.48809523809524,
        68.62244897959184,
        86.26700680272108,
        89.64710884353742,
        91.77295918367346,
        93.66496598639456,
        95.49319727891157
    ]
}