{
    "test_loss": 0.21587224074062847,
    "test_acc": 95.565749235474,
    "test_f1": 0.9557251908396946,
    "test_brier": 0.03696900401900551,
    "test_auc_tuple": [
        0.9879452720964379,
        [
            0.0,
            0.0030581039755351682,
            0.0030581039755351682,
            0.0061162079510703364,
            0.0061162079510703364,
            0.009174311926605505,
            0.009174311926605505,
            0.012232415902140673,
            0.012232415902140673,
            0.01529051987767584,
            0.01529051987767584,
            0.01834862385321101,
            0.01834862385321101,
            0.021406727828746176,
            0.021406727828746176,
            0.027522935779816515,
            0.027522935779816515,
            0.03058103975535168,
            0.03058103975535168,
            0.03669724770642202,
            0.03669724770642202,
            0.039755351681957186,
            0.039755351681957186,
            0.045871559633027525,
            0.045871559633027525,
            0.05198776758409786,
            0.05198776758409786,
            0.05504587155963303,
            0.05504587155963303,
            0.0581039755351682,
            0.0581039755351682,
            0.06422018348623854,
            0.06422018348623854,
            0.07033639143730887,
            0.07033639143730887,
            0.07951070336391437,
            0.07951070336391437,
            0.11926605504587157,
            0.11926605504587157,
            0.12232415902140673,
            0.12232415902140673,
            0.15902140672782875,
            0.15902140672782875,
            0.1712538226299694,
            0.1712538226299694,
            0.21406727828746178,
            0.21406727828746178,
            1.0
        ],
        [
            0.0,
            0.0,
            0.5932721712538226,
            0.5932721712538226,
            0.7003058103975535,
            0.7003058103975535,
            0.7064220183486238,
            0.7064220183486238,
            0.8226299694189603,
            0.8226299694189603,
            0.8623853211009175,
            0.8623853211009175,
            0.8746177370030581,
            0.8746177370030581,
            0.8837920489296636,
            0.8837920489296636,
            0.9021406727828746,
            0.9021406727828746,
            0.9051987767584098,
            0.9051987767584098,
            0.9174311926605505,
            0.9174311926605505,
            0.9296636085626911,
            0.9296636085626911,
            0.9571865443425076,
            0.9571865443425076,
            0.963302752293578,
            0.963302752293578,
            0.9663608562691132,
            0.9663608562691132,
            0.9694189602446484,
            0.9694189602446484,
            0.9755351681957186,
            0.9755351681957186,
            0.9785932721712538,
            0.9785932721712538,
            0.981651376146789,
            0.981651376146789,
            0.9877675840978594,
            0.9877675840978594,
            0.9908256880733946,
            0.9908256880733946,
            0.9938837920489296,
            0.9938837920489296,
            0.9969418960244648,
            0.9969418960244648,
            1.0,
            1.0
        ]
    ]
}