{
    "test_loss": 4.684900770252127,
    "test_acc": 93.7308868501529,
    "test_f1": 0.9358372456964006,
    "test_brier": 0.0523718331329935,
    "test_auc_tuple": [
        0.9719627042242984,
        [
            0.0,
            0.0,
            0.0,
            0.0,
            0.0,
            0.0,
            0.0,
            0.0,
            0.0,
            0.0,
            0.0,
            0.0,
            0.0,
            0.0,
            0.0,
            0.0,
            0.0,
            0.0,
            0.0,
            0.0,
            0.0,
            0.0030581039755351682,
            0.0030581039755351682,
            0.0030581039755351682,
            0.0030581039755351682,
            0.0061162079510703364,
            0.0061162079510703364,
            0.009174311926605505,
            0.009174311926605505,
            0.012232415902140673,
            0.012232415902140673,
            0.01529051987767584,
            0.01529051987767584,
            0.021406727828746176,
            0.021406727828746176,
            0.024464831804281346,
            0.024464831804281346,
            0.03363914373088685,
            0.03363914373088685,
            0.03669724770642202,
            0.03669724770642202,
            0.04281345565749235,
            0.04281345565749235,
            0.04892966360856269,
            0.04892966360856269,
            0.0581039755351682,
            0.0581039755351682,
            0.06116207951070336,
            0.06116207951070336,
            0.0856269113149847,
            0.0856269113149847,
            0.09480122324159021,
            0.09480122324159021,
            0.1162079510703364,
            0.1162079510703364,
            0.1437308868501529,
            0.1437308868501529,
            0.14984709480122324,
            0.14984709480122324,
            0.16819571865443425,
            0.16819571865443425,
            0.22324159021406728,
            0.22324159021406728,
            0.23547400611620795,
            0.23547400611620795,
            0.26299694189602446,
            0.26299694189602446,
            0.27522935779816515,
            0.27522935779816515,
            0.3853211009174312,
            0.3853211009174312,
            0.39143730886850153,
            0.39143730886850153,
            0.45871559633027525,
            0.45871559633027525,
            0.5412844036697247,
            0.5412844036697247,
            0.5565749235474006,
            0.5565749235474006,
            0.9663608562691132,
            0.9663608562691132,
            0.9969418960244648,
            1.0
        ],
        [
            0.0,
            0.0030581039755351682,
            0.027522935779816515,
            0.03363914373088685,
            0.04281345565749235,
            0.04892966360856269,
            0.08256880733944955,
            0.08868501529051988,
            0.12538226299694188,
            0.13149847094801223,
            0.18042813455657492,
            0.18654434250764526,
            0.19877675840978593,
            0.20489296636085627,
            0.27217125382262997,
            0.2782874617737003,
            0.3211009174311927,
            0.327217125382263,
            0.42201834862385323,
            0.42813455657492355,
            0.5351681957186545,
            0.5351681957186545,
            0.5718654434250765,
            0.5779816513761468,
            0.6207951070336392,
            0.6207951070336392,
            0.7920489296636085,
            0.7920489296636085,
            0.8042813455657493,
            0.8042813455657493,
            0.8409785932721713,
            0.8409785932721713,
            0.8593272171253823,
            0.8593272171253823,
            0.8715596330275229,
            0.8715596330275229,
            0.8960244648318043,
            0.8960244648318043,
            0.9051987767584098,
            0.9051987767584098,
            0.9143730886850153,
            0.9143730886850153,
            0.9204892966360856,
            0.9204892966360856,
            0.9235474006116208,
            0.9235474006116208,
            0.926605504587156,
            0.926605504587156,
            0.9327217125382263,
            0.9327217125382263,
            0.9357798165137615,
            0.9357798165137615,
            0.9388379204892966,
            0.9388379204892966,
            0.9480122324159022,
            0.9480122324159022,
            0.9510703363914373,
            0.9510703363914373,
            0.9571865443425076,
            0.9571865443425076,
            0.9602446483180428,
            0.9602446483180428,
            0.9663608562691132,
            0.9663608562691132,
            0.9694189602446484,
            0.9694189602446484,
            0.9724770642201835,
            0.9724770642201835,
            0.9755351681957186,
            0.9755351681957186,
            0.9785932721712538,
            0.9785932721712538,
            0.981651376146789,
            0.981651376146789,
            0.9847094801223242,
            0.9847094801223242,
            0.9877675840978594,
            0.9877675840978594,
            0.9908256880733946,
            0.9908256880733946,
            0.9938837920489296,
            0.9938837920489296,
            1.0
        ]
    ]
}