{
    "train_loss": [
        0.6903609397510687,
        0.6867246677478155,
        0.5705355977018675,
        0.2706122553596894,
        0.1472611406352371,
        0.10029628383927047,
        0.10489684692583978,
        0.0833821998288234,
        0.10240851183577131,
        0.05066541079819823
    ],
    "train_acc": [
        52.799479166666664,
        52.9296875,
        71.6796875,
        90.10416666666667,
        96.09375,
        97.72135416666667,
        96.54947916666667,
        97.59114583333333,
        96.41927083333333,
        98.95833333333333
    ],
    "test_loss": [
        0.9820953266961234,
        1.2322262695857458,
        2.37738404742309,
        3.1113091982191516,
        3.654053918573828,
        4.42719985189892,
        4.442033641395115,
        4.9419072644031115,
        4.133763333871251,
        4.6849007682896975
    ],
    "test_acc": [
        49.59608843537415,
        58.73724489795919,
        87.90391156462586,
        91.3265306122449,
        92.81462585034014,
        93.11224489795919,
        94.15391156462586,
        93.70748299319727,
        92.51700680272108,
        93.70748299319727
    ]
}