{
    "test_loss": 0.8774364973027592,
    "test_acc": 84.25076452599389,
    "test_f1": 0.8176991150442477,
    "test_brier": 0.1381359300869602,
    "test_auc_tuple": [
        0.9614604083083167,
        [
            0.0,
            0.0030581039755351682,
            0.0030581039755351682,
            0.0061162079510703364,
            0.0061162079510703364,
            0.009174311926605505,
            0.009174311926605505,
            0.012232415902140673,
            0.012232415902140673,
            0.01529051987767584,
            0.01529051987767584,
            0.01834862385321101,
            0.01834862385321101,
            0.021406727828746176,
            0.021406727828746176,
            0.024464831804281346,
            0.024464831804281346,
            0.027522935779816515,
            0.027522935779816515,
            0.03058103975535168,
            0.03058103975535168,
            0.03363914373088685,
            0.03363914373088685,
            0.03669724770642202,
            0.03669724770642202,
            0.039755351681957186,
            0.039755351681957186,
            0.04281345565749235,
            0.04281345565749235,
            0.04892966360856269,
            0.04892966360856269,
            0.0581039755351682,
            0.0581039755351682,
            0.06116207951070336,
            0.06116207951070336,
            0.0672782874617737,
            0.0672782874617737,
            0.07339449541284404,
            0.07339449541284404,
            0.0764525993883792,
            0.0764525993883792,
            0.08256880733944955,
            0.08256880733944955,
            0.08868501529051988,
            0.08868501529051988,
            0.09480122324159021,
            0.09480122324159021,
            0.11314984709480122,
            0.11314984709480122,
            0.14067278287461774,
            0.14067278287461774,
            0.1743119266055046,
            0.1743119266055046,
            0.18654434250764526,
            0.18654434250764526,
            0.1926605504587156,
            0.1926605504587156,
            0.20795107033639143,
            0.20795107033639143,
            0.22018348623853212,
            0.22018348623853212,
            0.22935779816513763,
            0.22935779816513763,
            0.24464831804281345,
            0.24464831804281345,
            0.2599388379204893,
            0.2599388379204893,
            0.2782874617737003,
            0.2782874617737003,
            0.28440366972477066,
            0.28440366972477066,
            0.3149847094801223,
            0.3149847094801223,
            0.3577981651376147,
            0.3577981651376147,
            0.39755351681957185,
            0.39755351681957185,
            0.5015290519877675,
            0.5015290519877675,
            0.9327217125382263,
            0.9327217125382263,
            1.0
        ],
        [
            0.0,
            0.0061162079510703364,
            0.027522935779816515,
            0.027522935779816515,
            0.03363914373088685,
            0.03363914373088685,
            0.04281345565749235,
            0.04281345565749235,
            0.045871559633027525,
            0.045871559633027525,
            0.1162079510703364,
            0.1162079510703364,
            0.6238532110091743,
            0.6238532110091743,
            0.7614678899082569,
            0.7614678899082569,
            0.8042813455657493,
            0.8042813455657493,
            0.8073394495412844,
            0.8073394495412844,
            0.8226299694189603,
            0.8226299694189603,
            0.8593272171253823,
            0.8593272171253823,
            0.8654434250764526,
            0.8654434250764526,
            0.8837920489296636,
            0.8837920489296636,
            0.8899082568807339,
            0.8899082568807339,
            0.8960244648318043,
            0.8960244648318043,
            0.8990825688073395,
            0.8990825688073395,
            0.9051987767584098,
            0.9051987767584098,
            0.908256880733945,
            0.908256880733945,
            0.9113149847094801,
            0.9113149847094801,
            0.9204892966360856,
            0.9204892966360856,
            0.926605504587156,
            0.926605504587156,
            0.9296636085626911,
            0.9296636085626911,
            0.9327217125382263,
            0.9327217125382263,
            0.9357798165137615,
            0.9357798165137615,
            0.9510703363914373,
            0.9510703363914373,
            0.9541284403669725,
            0.9541284403669725,
            0.9571865443425076,
            0.9571865443425076,
            0.9602446483180428,
            0.9602446483180428,
            0.963302752293578,
            0.963302752293578,
            0.9663608562691132,
            0.9663608562691132,
            0.9694189602446484,
            0.9694189602446484,
            0.9755351681957186,
            0.9755351681957186,
            0.9785932721712538,
            0.9785932721712538,
            0.981651376146789,
            0.981651376146789,
            0.9847094801223242,
            0.9847094801223242,
            0.9877675840978594,
            0.9877675840978594,
            0.9908256880733946,
            0.9908256880733946,
            0.9938837920489296,
            0.9938837920489296,
            0.9969418960244648,
            0.9969418960244648,
            1.0,
            1.0
        ]
    ]
}