{
    "train_loss": [
        0.6939426238338152,
        0.6936565438906351,
        0.6931481485565504,
        0.6847252063453197,
        0.566240611175696,
        0.39209513273090124,
        0.3048277728570004,
        0.2529367812288304,
        0.24762874826168021,
        0.18805837359589836
    ],
    "train_acc": [
        50.390625,
        50.0,
        49.869791666666664,
        51.888020833333336,
        77.01822916666667,
        87.63020833333333,
        91.34114583333333,
        93.22916666666667,
        93.359375,
        95.83333333333333
    ],
    "test_loss": [
        0.6966700440361386,
        0.6968439902578082,
        0.6948512593905131,
        0.6849668976806459,
        0.5912487577824366,
        0.5688438848370597,
        0.6827977585295836,
        0.5706263620938573,
        0.5361931387867246,
        0.8774365236361822
    ],
    "test_acc": [
        51.339285714285715,
        51.339285714285715,
        51.339285714285715,
        50.74404761904762,
        79.10289115646258,
        82.82312925170068,
        81.93027210884354,
        86.28826530612244,
        88.26530612244899,
        84.09863945578232
    ]
}