{
    "self": {
        "accuracy": 0.9953125,
        "precision": 0.9832214765100671,
        "recall": 0.9932203389830508,
        "f1_score": 0.9881956155143339
    },
    "domain-reddit": {
        "accuracy": 0.8068910256410257,
        "precision": 0.9565217391304348,
        "recall": 0.02956989247311828,
        "f1_score": 0.05736636245110821
    },
    "domain-wikipedia": {
        "accuracy": 0.7410840395480226,
        "precision": 0.8875,
        "recall": 0.02370617696160267,
        "f1_score": 0.04617886178861789
    },
    "domain-arxiv": {
        "accuracy": 0.8011485042735043,
        "precision": 0.3333333333333333,
        "recall": 0.0006720430107526882,
        "f1_score": 0.0013413816230717639
    }
}