{
    "self": {
        "accuracy": 0.9853078358208955,
        "precision": 0.991153052196992,
        "recall": 0.9902769593400118,
        "f1_score": 0.9907148120854827
    },
    "domain-reddit": {
        "accuracy": 0.7417868589743589,
        "precision": 0.8334566987416728,
        "recall": 0.8461923847695391,
        "f1_score": 0.8397762585456805
    },
    "domain-wikihow": {
        "accuracy": 0.601028311965812,
        "precision": 0.8806292020804263,
        "recall": 0.5796593186372746,
        "f1_score": 0.6991288584520872
    },
    "domain-arxiv": {
        "accuracy": 0.7896634615384616,
        "precision": 0.8029658107922559,
        "recall": 0.9766199064796259,
        "f1_score": 0.8813201718031799
    }
}