{
    "self": {
        "accuracy": 0.984375,
        "precision": 0.9840176357123175,
        "recall": 0.9966508512419759,
        "f1_score": 0.990293954520244
    },
    "domain-wikipedia": {
        "accuracy": 0.8178131991051454,
        "precision": 0.8240843919471065,
        "recall": 0.9789956755802666,
        "f1_score": 0.8948854469183608
    },
    "domain-wikihow": {
        "accuracy": 0.5565571581196581,
        "precision": 0.9210734017363852,
        "recall": 0.4872244488977956,
        "f1_score": 0.637321828409153
    },
    "domain-arxiv": {
        "accuracy": 0.7634882478632479,
        "precision": 0.8816289592760181,
        "recall": 0.8134602538410154,
        "f1_score": 0.8461738903847824
    }
}