{
    "self": {
        "accuracy": 0.9897321428571428,
        "precision": 0.9891606448026682,
        "recall": 0.9980370162647224,
        "f1_score": 0.9935790061418203
    },
    "domain-wikihow": {
        "accuracy": 0.7473958333333334,
        "precision": 0.8982210557013707,
        "recall": 0.7715430861723447,
        "f1_score": 0.8300768090553834
    },
    "domain-wikipedia": {
        "accuracy": 0.7424964689265536,
        "precision": 0.7469000729394603,
        "recall": 0.9830793231729269,
        "f1_score": 0.848867934303922
    },
    "domain-arxiv": {
        "accuracy": 0.8125,
        "precision": 0.8130790190735695,
        "recall": 0.9946666666666667,
        "f1_score": 0.8947526236881559
    }
}