{
    "self": {
        "accuracy": 0.9953125,
        "precision": 0.9983268265476855,
        "recall": 0.9958275382475661,
        "f1_score": 0.9970756162094416
    },
    "domain-reddit": {
        "accuracy": 0.8068910256410257,
        "precision": 0.8059661381349099,
        "recall": 0.9996666666666667,
        "f1_score": 0.8924267222139562
    },
    "domain-wikipedia": {
        "accuracy": 0.7410840395480226,
        "precision": 0.7400426742532006,
        "recall": 0.998919956798272,
        "f1_score": 0.8502119401460599
    },
    "domain-arxiv": {
        "accuracy": 0.8011485042735043,
        "precision": 0.8013360053440214,
        "recall": 0.9996666666666667,
        "f1_score": 0.889581015943641
    }
}