{
    "self": {
        "accuracy": 0.9955357142857143,
        "precision": 0.9972451790633609,
        "recall": 0.9972451790633609,
        "f1_score": 0.9972451790633609
    },
    "domain-reddit": {
        "accuracy": 0.6858306623931624,
        "precision": 0.777159411450789,
        "recall": 0.8512024048096193,
        "f1_score": 0.8124975092655322
    },
    "domain-wikipedia": {
        "accuracy": 0.7967701342281879,
        "precision": 0.7966197183098591,
        "recall": 0.9983231841849792,
        "f1_score": 0.8861384199600486
    },
    "domain-arxiv": {
        "accuracy": 0.7988782051282052,
        "precision": 0.7999197002141327,
        "recall": 0.9981629926519706,
        "f1_score": 0.888112927191679
    }
}