{
    "self": {
        "accuracy": 0.8758928571428571,
        "precision": 0.8670366795366795,
        "recall": 0.9986103390772652,
        "f1_score": 0.9281839318005684
    },
    "domain-reddit": {
        "accuracy": 0.9061164529914529,
        "precision": 0.9229353393085787,
        "recall": 0.9630093520374081,
        "f1_score": 0.9425465838509317
    },
    "domain-wikipedia": {
        "accuracy": 0.8068372483221476,
        "precision": 0.8043478260869565,
        "recall": 0.9992057188244639,
        "f1_score": 0.8912504427913567
    },
    "domain-wikihow": {
        "accuracy": 0.7852564102564102,
        "precision": 0.9218840300520131,
        "recall": 0.799181696726787,
        "f1_score": 0.8561588693085249
    }
}