{
    "self": {
        "accuracy": 0.9897321428571428,
        "precision": 0.9920634920634921,
        "recall": 0.9573304157549234,
        "f1_score": 0.9743875278396437
    },
    "domain-wikihow": {
        "accuracy": 0.7473958333333334,
        "precision": 0.4165067178502879,
        "recall": 0.651,
        "f1_score": 0.5079984393289114
    },
    "domain-wikipedia": {
        "accuracy": 0.7424964689265536,
        "precision": 0.6083333333333333,
        "recall": 0.07312186978297162,
        "f1_score": 0.13055141579731744
    },
    "domain-arxiv": {
        "accuracy": 0.8125,
        "precision": 0.7837837837837838,
        "recall": 0.07795698924731183,
        "f1_score": 0.14180929095354522
    }
}